﻿pos_x,pos_y,rotation,side,designator,mpn,pack,value,mount_type,place
151.16,-92.652701,180.0,top,C1,,CP_Elec_6.3x5.9,100u 16V,smt,True
144.16,-100.452701,90.0,top,C2,,CP_Elec_6.3x5.9,100u 16V,smt,True
152.16,-100.452701,90.0,top,C3,,C_1210_3225Metric_Pad1.33x2.70mm_HandSolder,100n 16V,smt,True
146.443645,-79.0,0.0,top,D1,,D_DO-41_SOD81_P10.16mm_Horizontal,D,tht,True
105.383401,-68.652701,0.0,top,J1,,ACJS-IH_AMP,ACJS-IH,tht,True
126.383401,-68.652701,0.0,top,J2,,ACJS-IH_AMP,ACJS-IH,tht,True
136.16,-133.446701,180.0,top,J3,,Molex_Micro-Fit_3.0_43650-0200_1x02_P3.00mm_Horizontal,FSW1,tht,True
116.66,-133.446701,180.0,top,J4,,Molex_Micro-Fit_3.0_43650-0200_1x02_P3.00mm_Horizontal,FSW2,tht,True
160.383401,-68.652701,0.0,top,J5,,ACJS-IH_AMP,ACJS-IH,tht,True
181.383401,-68.652701,0.0,top,J6,,ACJS-IH_AMP,ACJS-IH,tht,True
188.16,-134.416701,-90.0,top,J7,,IDC-Header_2x15_P2.54mm_Vertical,Conn_02x15_Odd_Even,tht,True
151.436187,-73.0,180.0,top,J8,,BarrelJack_CUI_PJ-102AH_Horizontal,Barrel_Jack_Switch,tht,True
197.16,-97.416701,90.0,top,J9,,USB_Mini-B_Wuerth_65100516121_Horizontal,USB_B_Mini,smt,True
151.16,-85.0,0.0,top,R1,,R_1210_3225Metric_Pad1.30x2.65mm_HandSolder,47R,smt,True
170.51,-115.796701,0.0,top,U1,,MODULE_DEV-16771,Teensy4.1,tht,True
103.76,-116.242701,0.0,top,U2,,4.0audioshield,Teensy4.0_AudioShield_REVD,tht,True
162.16,-99.652701,0.0,top,U3,,SOT-223,LM7805_TO220,smt,True
