﻿designator,quantity,value,pack,mpn,mount_type
"C1, C2",2,100u 16V,CP_Elec_6.3x5.9,,smt
C3,1,100n 16V,C_1210_3225Metric_Pad1.33x2.70mm_HandSolder,,smt
D1,1,D,D_DO-41_SOD81_P10.16mm_Horizontal,,tht
"J1, J2, J5, J6",4,ACJS-IH,ACJS-IH_AMP,,tht
J3,1,FSW1,Molex_Micro-Fit_3.0_43650-0200_1x02_P3.00mm_Horizontal,,tht
J4,1,FSW2,Molex_Micro-Fit_3.0_43650-0200_1x02_P3.00mm_Horizontal,,tht
J7,1,Conn_02x15_Odd_Even,IDC-Header_2x15_P2.54mm_Vertical,,tht
J8,1,Barrel_Jack_Switch,BarrelJack_CUI_PJ-102AH_Horizontal,,tht
J9,1,USB_B_Mini,USB_Mini-B_Wuerth_65100516121_Horizontal,,smt
R1,1,47R,R_1210_3225Metric_Pad1.30x2.65mm_HandSolder,,smt
U1,1,Teensy4.1,MODULE_DEV-16771,,tht
U2,1,Teensy4.0_AudioShield_REVD,4.0audioshield,,tht
U3,1,LM7805_TO220,SOT-223,,smt
